{
  "cbv/importer/importers.py": {
    "Call to untyped function \"get_code\" in typed context  [no-untyped-call]": 1,
    "Function is missing a type annotation  [no-untyped-def]": 1,
    "Function is missing a type annotation for one or more arguments  [no-untyped-def]": 12
  },
  "cbv/management/commands/cbv_dumpversion.py": {
    "Function is missing a type annotation  [no-untyped-def]": 1
  },
  "cbv/management/commands/fetch_docs_urls.py": {
    "Call to untyped function \"bless_prints\" in typed context  [no-untyped-call]": 3,
    "Function is missing a type annotation  [no-untyped-def]": 2
  },
  "cbv/management/commands/load_all_django_versions.py": {
    "Function is missing a type annotation  [no-untyped-def]": 1
  },
  "cbv/management/commands/populate_cbv.py": {
    "Function is missing a type annotation  [no-untyped-def]": 1
  },
  "cbv/migrations/0001_initial.py": {
    "Need type annotation for \"dependencies\" (hint: \"dependencies: List[<type>] = ...\")  [var-annotated]": 1
  },
  "cbv/models.py": {
    "\"Callable[[Klass], Tuple[str, str, str, str]]\" has no attribute \"dependencies\"  [attr-defined]": 1,
    "\"Callable[[Module], Tuple[str, str, str]]\" has no attribute \"dependencies\"  [attr-defined]": 1,
    "Missing return statement  [return]": 1
  },
  "cbv/templatetags/cbv_tags.py": {
    "Function is missing a type annotation  [no-untyped-def]": 1
  },
  "cbv/views.py": {
    "Call to untyped function \"get_fuzzy_object\" in typed context  [no-untyped-call]": 1,
    "Call to untyped function \"get_object\" in typed context  [no-untyped-call]": 1,
    "Call to untyped function \"get_precise_object\" in typed context  [no-untyped-call]": 1,
    "Function is missing a return type annotation  [no-untyped-def]": 1,
    "Function is missing a type annotation  [no-untyped-def]": 9,
    "Function is missing a type annotation for one or more arguments  [no-untyped-def]": 1
  }
}
